	逢川奈々			aikawanana	1
	相沢舞			moririnmonson	1
	相田さやか			sayaka_aida	1
	青山桐子			aoyaman105	1
	青葉りんご			aobaringo	1
	赤崎千夏			R172	1
	秋野かほり			akino_kaori	1
	あきやまかおる			hakokao	1
	阿久津加菜			akusas	1
	明坂聡美			AkesakaSatomi	1
	浅井清己			kiyoasa	1
	浅川悠			Julia320	1
	浅倉杏美			asakura_azumi	1
	浅野真澄			masumi_asano	1
	阿部彬名			akina_be	1
	阿部玲子			reiko1009	1
	歩河みぃな			ayumeena	1
	荒川美穂			Miho_Aaaa	1
	荒浪和沙			kazusa_aranami	1
	有栖川みや美			arisugawamiyabi	1
	飯田里穂			rippialoha	1
	五十嵐浩子			rasico	1
	五十嵐裕美			HiRoMi_ig	1
	生田善子			lunchpackgirl	1
	池澤春菜			haluna7	1
	伊瀬茉莉也			Mariya_i	1
	磯村知美			isocchi_la_al	1
	一色ヒカル			issiki_hikaru	1
	伊東久美子			kumi_ito	1
	伊藤実華			M_ika3	1
	稲村優奈			yuna_inamura	1
	井上直美			inouenaomi	1
	井ノ上奈々			inouenana	1
	井上麻里奈			Mari_navi	1
	井上みゆ			miyubomb	1
	今井麻美			asamingosu	1
	岩男潤子			iwaojunko	1
	岩村琴美			chibi_koto	1
	上田朱音			akane_u	1
	植田佳奈			uedakana	1
	上坂すみれ			uesakasumire	1
	植原みゆき			MyumyU_Uehara	1
	内田彩			aya_uchida	1
	内田真礼			maayauchida	1
	内海慶子			utsumikeiko	1
	宇和川恵美			uwaemi	1
	雨蘭咲木子			uran_sakiko	1
	榎津まお			enokidu_mao	1
	榎本温子			atsuko_bewe	1
	江里夏			erikafortuna	1
	及川ひとみ			h_oikawa	1
	近江知永			ohmi_003	1
	大久保藍子			aiko_okb	1
	大竹みゆ			primlog	1
	大橋歩夕			ayuruohashi	1
	大原桃子			MomoJule	1
	大本眞基子			Makiko_Ohmoto	1
	緒方恵美			Megumi_Ogata	1
	奥川久美子			okuck	1
	沖佳苗			okikanae	1
	緒田マリ			odamakkori	1
	小野早稀			OnoSaki1126	1
	小野涼子			ono_ryoko	1
	甲斐田ゆき			KAIDA_YUKI	1
	貝原怜奈			kaiharareina	1
	かかずゆみ			yumi_kakazu	1
	陰山真寿美			masumi_kage	1
	梶田夕貴			kazikazi1021	1
	勝生真沙子			GAKOSAMADA	1
	葛城七穂			nanahokatsuragi	1
	加藤英美里			Emiryun	1
	加藤優子			katou_yu	1
	門脇舞以			kadomaita	1
	笠原あきら			kasahara_akira	1
	勝田詩織			shiori_k_0914	1
	かないみか			MIkAKANAI3018	1
	鹿野優以			kanoyui	1
	神村ひな			hina_kami	1
	カンザキカナリ			canarism	1
	神田朱未			akemikanda	1
	菊地由美			Kikuchi__Yumi	1
	喜多村英梨			KITAxERI	1
	橘田いずみ			izugyoza	1
	木村珠莉			jullie_egg	1
	樹元オリエ			oriepenguin	1
	くじら			kujityan	1
	久保田恵			kubota_megumi	1
	倉田雅世			nejimakiya521	1
	倉田まりや			kurata_mariya	1
	栗林みな実			minami_kuri	1
	桑門そら			sorakuwakado	1
	桑原由気			yuuki_0624	1
	國府田マリ子			nyarukomariko	1
	倖月美和			happymoon_miwa	1
	高野麻里佳			marika_0222	1
	五行なずな			nazutan	1
	國立幸			kokuryuhapiness	1
	小暮英麻			koguema	1
	小菅真美			KosugeMami	1
	小島幸子			chiffons3	1
	児玉明日美			kodamaichigo	1
	後藤麻衣			gomatsubu	1
	このえゆずこ			konoyu	1
	小林ゆう			holy_kobayashi	1
	小林由美子			shubi0618	1
	小松未可子			mikakokomatsu	1
	こやまきみこ			koyamakimiko	1
	近藤佳奈子			kana0606	1
	斎藤綾			ayatangogo	1
	斉藤貴美子			kimikokimi	1
	酒井香奈子			SAKAI_KANAKO	1
	坂本美里			sakamisato	1
	咲乃藍里			Grace_Airi	1
	櫻井ありす			alice_sakurai	1
	桜井ういよ			uiyo_cherry	1
	櫻井智			tomo_channel910	1
	笹川亜矢奈			sasagawaayana	1
	ささきのぞみ			nozooooo	1
	佐々木未来			mikoiwate_351	1
	笹島かほる			sasa_kaorun	1
	笹本優子			sasayou	1
	佐藤朱			info_akechi	1
	佐藤聡美			satosatomi58	1
	さとう実琴			mikosato	1
	サトウユキ			yukimurasato	1
	佐藤利奈			rinasatoh	1
	真田アサミ			AsamiSanada	1
	沢口千恵			sawaguchi_chie	1
	Jenya			jenya_jp	1
	紫苑みやび			shionmiyabi	1
	宍戸留美			RumiShishido	1
	島形麻衣奈			mainashimagata	1
	島涼香			RYOKAchin	1
	清水愛			aitter_smz	1
	清水香里			ShimizuKaori	1
	下田麻美			shimoda_asami	1
	霜月優			shimotsukiyuu	1
	真堂圭			shindokei	1
	新堂真弓			410www	1
	鈴木麗子			uryan	1
	須藤祐実			yumi8823	1
	関山美沙紀			Sekiyama_Misaki	1
	世戸さおり			saoriseto	1
	仙台エリ			e_ringo	1
	園崎未恵			Sonozaki_mie	1
	高井戸雫			takaidoshizuku	1
	高岡香			takaoka_kaori	1
	高城みつ			bonyarimie	1
	高梁碧			peki0808	1
	たかはし智秋			chiaking58	1
	高橋美佳子			takahashimikako	1
	高橋李依			taka8rie	1
	瀧本富士子			inkarose77	1
	田口宏子			_HIROKOCCUS_	1
	竹田えり			Eri_Takeda	1
	竹達彩奈			Ayana_take	1
	竹内順子			junkotakeuchi45	1
	田所ちさ			chidokoro	1
	田中敦子			atuwosyousa	1
	田中まりか			marika_tanaka	1
	田中理恵			tanakarie	1
	田中涼子			ryoko_tanaka	1
	民安ともえ			tammy_now	1
	田村ゆかり			yukari_tamura	1
	知桐京子			_chiki_	1
	千葉千恵巳			ChiemiChiba	1
	チャン・リーメイ			matochiang	1
	津川祝子			shuku1017	1
	辻あゆみ			tsuji_ayumi	1
	土谷麻貴			tsuchiyamaki	1
	土屋実紀			miki_tsuchiya	1
	恒松あゆみ			amyonn	1
	寺崎裕香			terachan0804	1
	天神林ともみ			tenko_momi	1
	富樫美鈴			suzu_honey	1
	時田光			h_tokita	1
	徳井青空			tokui_sorangley	1
	徳留しづか			shizuka_t	1
	永井真衣			nagaimai	1
	中川亜紀子			akiko12nakagawa	1
	長久友紀			nagaku_yuki	1
	中島沙樹			sakicchons	1
	長嶋はるか			naruhodo_haruka	1
	中嶋ヒロ			hiro_2929	1
	長瀬ゆずは			yuzuha88	1
	永田佳代			kayochi_now	1
	中西悠			nakanishiharuka	1
	中西裕美子			yumine_sama	1
	中村繪里子			eriko_co_log	1
	名塚佳織			nazukakaori	1
	並木のり子			nontan0619	1
	南條愛乃			nanjolno	1
	ニーコ			NEEKO21	1
	西川宏美			hiromi55nishi	1
	西口杏里沙			ars03	1
	西原さおり			saolio	1
	西村愛菜			Aina_nishimura	1
	根本圭子			nemory1210	1
	野川さくら			sakura_nogawa	1
	野田順子			NODA_JUN	1
	野田麻未			mame1001mame	1
	野引香里			nobinobiki	1
	野水伊織			nomizuiori	1
	朴璐美			romiansaran	1
	花村怜美			satomi_hanamura	1
	花守ゆみり			STAFF_HANAMORI	1
	葉山いくみ			hayamaikumi	1
	早水リサ			risa02h	1
	原田ひとみ			vhitomin	1
	春井柚佳			haruiyuka	1
	春河あかり			akari_tter	1
	氷上恭子			chiffons3	1
	樋口あかり			AkariHiguchi	1
	日高里菜			rina_hidaka	1
	ひと美			hitomityan	1
	日比野朱里			akarinn	1
	平田由季			yukichorinko	1
	平野綾			Hysteric_Barbie	1
	平野文			hiranofumi	1
	平野妹			hiranomai	1
	広江美奈			hiroemina	1
	廣田詩夢			shionnu	1
	深見梨加			ricafukami88	1
	福圓美里			misa0110	1
	福原香織			FukuharaKaori	1
	藤井美波			373busaikuma	1
	藤田昌代			fujitama11	1
	藤田由美子			ojojo1107honeey	1
	古川小百合			furukawasayuri	1
	古原奈々			furunana	1
	細野雅世			hsnmsy	1
	堀江由衣			kuronekounion	1
	堀川千華			horikawachika	1
	堀口あすか			asukah0321	1
	本名陽子			honnayoko	1
	前田愛			ai_max	1
	前田綾乃			AYANO_MAEDA	1
	前田沙耶香			sayaka_san	1
	まきいづみ			maki_idumi	1
	牧野由依			yuiyui_makino	1
	MAKO			manya02	1
	増田ゆき			chiffons3	1
	又吉愛			ai_love_voice	1
	松井菜桜子			42kg	1
	松岡由貴			seika_oda	1
	松谷彼哉			kaya_matsutani	1
	松本さち			sachiouji	1
	松元恵			matsugen	1
	松本梨香			rica_matsumoto3	1
	摩天楼由香			yukanight	1
	み～こ			miko2	1
	三上枝織			mikami_shiori	1
	味里			MisatoGrace	1
	水落幸子			yukimiz	1
	水野愛日			mizunomanabi	1
	水野理紗			risamizuno	1
	水原薫			MizuharaKaoru	1
	三森すずこ			mimori_suzuko	1
	宮川美保			salondemiho	1
	宮沢ゆあな			yuana0319	1
	ミルノ純			mirumiruno	1
	村田知沙			tomtomtomosa	1
	目黒未奈			miinamiinamiina	1
	桃井はるこ			momoiktkr	1
	森谷里美			Moriya_3103	1
	森永理科			LIKAMORINAGA	1
	矢澤りえか			YAZAWA_RIEKA	1
	やなせなつみ			yanase_natsumi	1
	やぶさきえみ			yabusaki_emi	1
	山像かおり			KaoriOkaki	1
	山川琴美			dekakoto	1
	山崎バニラ			YamazakiVanilla	1
	山下亜矢香			AYAKA_YAMASHITA	1
	山田茉莉			yamadamari	1
	山本綾			macrop1720	1
	山本彩乃			ayanon_y	1
	山本麻里安			honeymilklatte	1
	雪野五月			2011yukino	1
	柚木涼香			yuzuruu	1
	ゆん			bokeyun	1
	吉川華生			kana_yoshikawa	1
	吉田真弓			dama__	1
	吉成由貴			yuki_yoshinari	1
	米澤円			yone_mado	1
	理多			Ritaco25	1
	渡辺久美子			coonyos	1
	渡部優衣			yuichupunch	1
	蒼井翔太			shouta0811aoi	0
	井口祐一			yuccho222	0
	石狩勇気			ishikari_yuki	0
	石野竜三			Ryuzou_Ishino/	0
	市来光弘			mitsuhiroichiki	0
	一条和矢			ichijo0411	0
	伊藤健太郎			itoken_k_show	0
	稲田徹			trombe_boss	0
	井上和彦			inouekazuhiko	0
	井上剛			_Gou_	0
	岩永哲哉			iwanagatetsuya	0
	江口拓也			egutakuya	0
	大須賀純			oosuka_jun	0
	太田哲治			otomeyakko	0
	大塚明夫			AkioOtsuka	0
	大橋隆昌			takamasaohashi	0
	岡野浩介			okanokousuke	0
	置鮎龍太郎			chikichikiko	0
	荻原秀樹			ogiharahideki	0
	小田久史			hisafumi_0302	0
	落合弘治			ochiai1966	0
	小野賢章			ono_kensho	0
	小野坂昌也			masayangest	0
	小野友樹			onoyuki19840622	0
	加藤賢崇			kenso1978	0
	梶裕貴			YUKI_KAJI	0
	粕谷雄太			kasuyannko	0
	加瀬康之			YASU_BASSO	0
	勝杏里			bigfatduck4	0
	神谷明			kamiyaakira29	0
	川田紳司			kwkylegtxy	0
	川原慶久			Canopus_072	0
	川本成			Runarurunaru	0
	岸尾だいすけ			daisacusacu	0
	木部祥太			shotakibe	0
	木村良平			Ryouhey_Drunk	0
	肝付兼太			tonoma_zura_	0
	楠田敏之			KUSUDAman	0
	楠大典			TaitemKusunoki	0
	黒田崇矢			takayakuroda	0
	小泉豊			imuziokyutaka	0
	郷田ほづみ			HOZMIX	0
	小西克幸			KCONIQ	0
	小山剛志			_higetter_	0
	笹田貴之			sasadatakayuki	0
	佐藤拓也			5tAkUyA5	0
	佐藤雄大			yudai1023	0
	四反田マイケル			mike_truecolors	0
	島崎信長			nobunaga_s	0
	志村貴博			simusimu2	0
	下妻由幸			shimo_shimo	0
	下山吉光			y_shimoyama	0
	下和田ヒロキ			hikagakurecords	0
	白石稔			minorunba69	0
	菅沼久義			manugasu	0
	杉田智和			sugitaLOV	0
	鈴木智晴			suzukichan79	0
	鈴木裕斗			yuto_suzuki	0
	須田勝也			s_katsuya	0
	須藤翔			denkisho1107	0
	諏訪部順一			MY_MURMUR	0
	関智一			seki0908	0
	瀬水暁			AKERU_love	0
	大河望			taiga_nozomu	0
	泰勇気			KuvoreGordon	0
	高木俊			shunly317	0
	高塚正也			ameno_murakumo	0
	高橋圭一			vocalkei	0
	高橋研二			george0116	0
	武虎			taketora0131	0
	谷山紀章			kishownstarmaps	0
	千葉繁			1kamisama1	0
	千葉優輝			Yuki_Chiba_	0
	茶風林			chafurin	0
	津久井教生			koubouya	0
	津田健次郎			tsuda_ken	0
	てらそままさき			terasomasaki	0
	寺本勲			teramotoisao	0
	東地宏樹			hirokitouchi	0
	徳本恭敏			tokuchan777	0
	鳥海勝美			toriumikatsumi	0
	中國卓郎			TaQ_Rou	0
	中澤まさとも			masatomo_	0
	中田譲治			joujinakata123	0
	中村俊洋			toshi7_7	0
	中村悠一			nakamuraFF11	0
	浪川大輔			namidai0402	0
	奈良徹			NaraToru	0
	根本幸多			cota_nemoto	0
	野島健児			nojimakenji	0
	野島裕史			nojimahirofumi	0
	乃村健次			nomukendono	0
	長谷川俊介			haseshun	0
	波多野和俊			mikenekox	0
	羽多野渉			hatano_official	0
	花江夏樹			hanae0626	0
	馬場圭介			ba2ksk	0
	はらさわ晃綺			hanasama1204	0
	藤本たかひろ			TCSJ_TAKAHIRO	0
	布施雅英			soupnorm	0
	古川登志夫			TOSHIO_FURUKAWA	0
	古谷徹			torushome	0
	保志総一朗			HoshiSoichiro	0
	星野貴紀			Shockhearts777	0
	堀井茶渡			chado_horii	0
	堀川りょう			ryohorikawa	0
	前田賢一朗			Ken16M	0
	前田剛			maetake_	0
	間島淳司			maji_opai	0
	増川洋一			youithi	0
	増谷康紀			y_masutani	0
	増田裕生			masunmasun	0
	松風雅也			matsukazest	0
	松田健一郎			mochimochinomen	0
	松野太紀			taikey1016	0
	三浦祥朗			pihyoo3	0
	宮健一			38doragan	0
	宮下栄治			EIJI926	0
	村田太志			chi_lick	0
	望月英			ei_mochiduki	0
	本橋尚土			mths7a0t0	0
	森久保祥太郎			MorikuBorn	0
	森田成一			edokko_dey	0
	森訓久			morinandes	0
	安元洋貴			__yasumoto__	0
	山口勝平			ENma_Dororon	0
	山口清裕			kiyohiro2011	0
	山田真一			yamada23	0
	山下大輝			daiking_boy	0
	山寺宏一			yamachanoha	0
	山本和臣			kazutomi_tweet	0
	吉野裕行			_yocchin_______	0
	代永翼			numanumakapa	0
